"Time(second)","F1 Score"
"1.5","[0.9538101449977832, 0.9552864268759104]"
