"Time(second)","F1 Score"
"1","[0.484, 0.828, 0.13999999999999999]"
"0.1","[0.50425, 0.83475, 0.17375]"
"0.04","[0.49000000000000005, 0.8300000000000001, 0.15]"
