"Time(second)","F1 Score"
"1.5","[0.5247807385082193, 0.582586801697554]"
