"Time(second)","F1 Score"
"1.5","[0.5333333333333333, 0.13333333333333333]"
