"Time(second)","F1 Score"
"1.5","[0.7758210403252734, 0.7765574314079526]"
