"Time(second)","F1 Score"
"1","0.8333333333333334"
"0.1","0.8333333333333334"
"0.04","0.8333333333333334"
