"Time(second)","F1 Score"
"1","0.83125"
"0.1","0.8291666666666667"
"0.04","0.8291666666666667"
