"Time(second)","F1 Score"
"1","0.5666666666666667"
"0.1","0.5666666666666667"
"0.04","0.7"
