"Time(second)","F1 Score"
"1","0.5229163860266728"
"3","0.5323626813588745"
"5","0.5160152266034619"
"7","0.4845302852483968"
"9","0.4665152054089413"
"11","0.5755529278242728"
"13","0.5731192320069991"
"15","0.562510051206078"
"17","0.5569443655974616"
"19","0.541622395818018"
