"Time(second)","F1 Score"
"1","0.5389520240278484"
"3","0.49310593802517755"
"5","0.4347907012682941"
"7","0.3915890156574836"
"9","0.3490820401797567"
"11","0.43605691015425496"
"13","0.4176576647851239"
"15","0.42038991941676523"
"17","0.3803715206240746"
"19","0.35190211324594955"
