"Time(second)","F1 Score"
"1","0.019002375296912115"
"0.1","0.02991944764096663"
"0.04","0.12480499219968799"
