"Time(second)","F1 Score"
"1","0.0712871287128713"
"0.1","0.10481099656357387"
"0.04","0.02768166089965398"
