"Time(second)","F1 Score"
"1","0.1818181818181818"
"0.1","0.0"
"0.04","0.21428571428571427"
