"Time(second)","F1 Score"
"1","0.26988922457200404"
"0.1","0.25620655412115195"
"0.04","0.2496617050067659"
