"Time(second)","F1 Score"
"1","0.0024875621890547268"
"0.1","0.1267387944358578"
"0.04","0.004889975550122249"
