"Time(second)","F1 Score"
"1","0.21428571428571427"
"0.1","0.21428571428571427"
"0.04","0.23529411764705882"
