"Time(second)","F1 Score"
"1.5","[0.3333333333333333, 0.4, 0.26666666666666666]"
