"Time(second)","F1 Score"
"1.5","[0.5288707378584757, 0.5126727730564373, 0.5450687026605141]"
