"Time(second)","F1 Score"
"1","0.09433962264150944"
"0.1","0.07476635514018692"
"0.04","0.05555555555555555"
