"Time(second)","F1 Score"
"1","0.23529411764705882"
"0.1","0.0"
"0.04","0.1818181818181818"
