"Time(second)","F1 Score"
"1","0.22962962962962963"
"0.1","0.16406250000000003"
"0.04","0.21138211382113822"
