"Time(second)","F1 Score"
"1","0.14400000000000002"
"0.1","0.1652892561983471"
"0.04","0.03738317757009346"
