"Time(second)","F1 Score"
"1","0.04444444444444445"
"0.1","0.08080808080808081"
"0.04","0.08620689655172414"
