"Time(second)","F1 Score"
"1","0.02469135802469136"
"0.1","0.022727272727272728"
"0.04","0.02197802197802198"
