"Time(second)","F1 Score"
"1.5","[0.6130262194842647, 0.5837729510518285]"
